vardenis1,pavardenis,test@test.lt,+37061234567890
vardenis2,pavardenis,test@test.lt,+37061234567890
vardenis3,pavardenis,test@test.lt,+37061234567890
vardenis4,pavardenis,test@test.lt,+37061234567890
vardenis5,pavardenis,test@test.lt,+37061234567890
vardenis6,pavardenis,test@test.lt,+37061234567890
vardenis7,pavardenis,test@test.lt,+37061234567890
vardenis8,pavardenis,test@test.lt,+37061234567890
vardenis9,pavardenis,test@test.lt,+37061234567890
vardenis10,pavardenis,test@test.lt,+37061234567890
